{"cameraMode":{"drawMode":0,"name":"Shaded","section":"Shading Mode"},"sceneLighting":false,"audioPlay":false,"sceneViewState":{"m_AlwaysRefresh":true,"showFog":true,"showSkybox":true,"showFlares":false,"showImageEffects":true,"showParticleSystems":true,"showVisualEffectGraphs":true,"m_FxEnabled":true},"in2DMode":false,"pivot":{"x":-0.0347905158996582,"y":11.657556533813477,"z":101.81394958496094},"rotation":{"x":-0.04978650063276291,"y":0.009585085324943066,"z":-0.000476349814562127,"w":-0.9987165331840515},"size":39.200721740722659,"orthographic":false}