{"cameraMode":{"drawMode":0,"name":"Shaded","section":"Shading Mode"},"sceneLighting":false,"audioPlay":false,"sceneViewState":{"m_AlwaysRefresh":true,"showFog":true,"showSkybox":true,"showFlares":false,"showImageEffects":true,"showParticleSystems":true,"showVisualEffectGraphs":true,"m_FxEnabled":true},"in2DMode":false,"pivot":{"x":1.7259575128555298,"y":3.5188536643981935,"z":-3.346583843231201},"rotation":{"x":-0.010801101103425026,"y":-0.038391370326280597,"z":0.0004153310146648437,"w":-0.9992062449455261},"size":10.070159912109375,"orthographic":false}