{"cameraMode":{"drawMode":0,"name":"Shaded","section":"Shading Mode"},"sceneLighting":false,"audioPlay":false,"sceneViewState":{"m_AlwaysRefresh":true,"showFog":true,"showSkybox":true,"showFlares":false,"showImageEffects":true,"showParticleSystems":true,"showVisualEffectGraphs":true,"m_FxEnabled":true},"in2DMode":false,"pivot":{"x":551.5021362304688,"y":280.1578369140625,"z":0.2562255859375},"rotation":{"x":-0.0001398347958456725,"y":0.9994372725486755,"z":-0.033303290605545047,"w":-0.004196777008473873},"size":943.7417602539063,"orthographic":false}