{"cameraMode":{"drawMode":0,"name":"Shaded","section":"Shading Mode"},"sceneLighting":false,"audioPlay":false,"sceneViewState":{"m_AlwaysRefresh":true,"showFog":true,"showSkybox":true,"showFlares":false,"showImageEffects":true,"showParticleSystems":true,"showVisualEffectGraphs":true,"m_FxEnabled":true},"in2DMode":false,"pivot":{"x":439.97625732421877,"y":273.4669189453125,"z":-56.836669921875},"rotation":{"x":-0.0002896976948250085,"y":0.9994083046913147,"z":-0.03330232575535774,"w":-0.008694187738001347},"size":304.4283447265625,"orthographic":false}