{"cameraMode":{"drawMode":0,"name":"Shaded","section":"Shading Mode"},"sceneLighting":false,"audioPlay":false,"sceneViewState":{"m_AlwaysRefresh":true,"showFog":true,"showSkybox":true,"showFlares":false,"showImageEffects":true,"showParticleSystems":true,"showVisualEffectGraphs":true,"m_FxEnabled":true},"in2DMode":false,"pivot":{"x":-1.2063990831375123,"y":3.5188536643981935,"z":-3.275299072265625},"rotation":{"x":-0.010808014310896397,"y":0.014095761813223362,"z":-0.0001520386285847053,"w":-0.9998442530632019},"size":26.67068099975586,"orthographic":false}